mood,file,title,artist,source,url,license,commercial_ok,attribution_required,attribution_text
wonder,wonder/equatorial_complex.ogg,Equatorial Complex,Kevin MacLeod,incompetech.com,https://incompetech.com/music/royalty-free/mp3-royaltyfree/Equatorial%20Complex.mp3,CC BY 4.0,true,true,"Equatorial Complex by Kevin MacLeod (incompetech.com) Licensed under Creative Commons: By Attribution 4.0 https://creativecommons.org/licenses/by/4.0/"
wonder,wonder/journey_to_ascend.ogg,Journey To Ascend,Kevin MacLeod,incompetech.com,https://incompetech.com/music/royalty-free/mp3-royaltyfree/Journey%20To%20Ascend.mp3,CC BY 4.0,true,true,"Journey To Ascend by Kevin MacLeod (incompetech.com) Licensed under Creative Commons: By Attribution 4.0 https://creativecommons.org/licenses/by/4.0/"
tension,tension/i_can_feel_it_coming.ogg,I Can Feel it Coming,Kevin MacLeod,incompetech.com,https://incompetech.com/music/royalty-free/mp3-royaltyfree/I%20Can%20Feel%20it%20Coming.mp3,CC BY 4.0,true,true,"I Can Feel it Coming by Kevin MacLeod (incompetech.com) Licensed under Creative Commons: By Attribution 4.0 https://creativecommons.org/licenses/by/4.0/"
tension,tension/shadowlands_7_codex.ogg,Shadowlands 7 - Codex,Kevin MacLeod,incompetech.com,https://incompetech.com/music/royalty-free/mp3-royaltyfree/Shadowlands%207%20-%20Codex.mp3,CC BY 4.0,true,true,"Shadowlands 7 - Codex by Kevin MacLeod (incompetech.com) Licensed under Creative Commons: By Attribution 4.0 https://creativecommons.org/licenses/by/4.0/"
mystery,mystery/mesmerizing_galaxy_loop.ogg,Mesmerizing Galaxy,Kevin MacLeod,incompetech.com,https://incompetech.com/music/royalty-free/mp3-royaltyfree/Mesmerizing%20Galaxy%20Loop.mp3,CC BY 4.0,true,true,"Mesmerizing Galaxy by Kevin MacLeod (incompetech.com) Licensed under Creative Commons: By Attribution 4.0 https://creativecommons.org/licenses/by/4.0/"
mystery,mystery/southern_gothic.ogg,Southern Gothic,Kevin MacLeod,incompetech.com,https://incompetech.com/music/royalty-free/mp3-royaltyfree/Southern%20Gothic.mp3,CC BY 4.0,true,true,"Southern Gothic by Kevin MacLeod (incompetech.com) Licensed under Creative Commons: By Attribution 4.0 https://creativecommons.org/licenses/by/4.0/"
triumph,triumph/magistar.ogg,Magistar,Kevin MacLeod,incompetech.com,https://incompetech.com/music/royalty-free/mp3-royaltyfree/Magistar.mp3,CC BY 4.0,true,true,"Magistar by Kevin MacLeod (incompetech.com) Licensed under Creative Commons: By Attribution 4.0 https://creativecommons.org/licenses/by/4.0/"
triumph,triumph/hiding_your_reality.ogg,Hiding Your Reality,Kevin MacLeod,incompetech.com,https://incompetech.com/music/royalty-free/mp3-royaltyfree/Hiding%20Your%20Reality.mp3,CC BY 4.0,true,true,"Hiding Your Reality by Kevin MacLeod (incompetech.com) Licensed under Creative Commons: By Attribution 4.0 https://creativecommons.org/licenses/by/4.0/"
calm,calm/morning.ogg,Morning,Kevin MacLeod,incompetech.com,https://incompetech.com/music/royalty-free/mp3-royaltyfree/Morning.mp3,CC BY 4.0,true,true,"Morning by Kevin MacLeod (incompetech.com) Licensed under Creative Commons: By Attribution 4.0 https://creativecommons.org/licenses/by/4.0/"
calm,calm/evening.ogg,Evening,Kevin MacLeod,incompetech.com,https://incompetech.com/music/royalty-free/mp3-royaltyfree/Evening.mp3,CC BY 4.0,true,true,"Evening by Kevin MacLeod (incompetech.com) Licensed under Creative Commons: By Attribution 4.0 https://creativecommons.org/licenses/by/4.0/"
